date	close
24-Apr-07	193.24
25-Apr-07	195.35
26-Apr-07	198.84
27-Apr-07	199.92
30-Apr-07	199.8
1-May-07	199.47
2-May-07	200.39
3-May-07	200.4
4-May-07	200.81
7-May-07	203.92
8-May-07	205.06
9-May-07	206.88
10-May-07	207.34
11-May-07	208.74
14-May-07	209.36
15-May-07	207.52
16-May-07	207.34
17-May-07	209.44
18-May-07	210.02
21-May-07	211.98
22-May-07	213.54
23-May-07	212.89
24-May-07	210.69
25-May-07	213.62
29-May-07	214.35
30-May-07	218.77
31-May-07	221.19
1-Jun-07	218.4
4-Jun-07	221.33
5-Jun-07	222.67
6-Jun-07	223.64
7-Jun-07	224.07
8-Jun-07	224.49
11-Jun-07	220.19
12-Jun-07	220.38
13-Jun-07	217.5
14-Jun-07	218.75
15-Jun-07	220.5
18-Jun-07	225.09
19-Jun-07	223.66
20-Jun-07	221.55
21-Jun-07	223.9
22-Jun-07	223
25-Jun-07	222.34
26-Jun-07	219.65
27-Jun-07	221.89
28-Jun-07	220.56
29-Jun-07	222.04
2-Jul-07	221.26
3-Jul-07	227.17
5-Jul-07	232.75
6-Jul-07	232.3
9-Jul-07	230.33
10-Jul-07	232.35
11-Jul-07	232.39
12-Jul-07	234.07
13-Jul-07	237.73
16-Jul-07	238.1
17-Jul-07	238.91
18-Jul-07	238.12
19-Jul-07	240
20-Jul-07	243.75
23-Jul-07	243.7
24-Jul-07	234.89
25-Jul-07	237.26
26-Jul-07	246
27-Jul-07	243.85
30-Jul-07	241.43
31-Jul-07	231.76
1-Aug-07	235
2-Aug-07	236.49
3-Aug-07	231.85
6-Aug-07	235.25
7-Aug-07	235.03
8-Aug-07	234.01
9-Aug-07	226.39
10-Aug-07	225
13-Aug-07	227.79
14-Aug-07	224.03
15-Aug-07	219.9
16-Aug-07	217.05
17-Aug-07	222.06
20-Aug-07	222.22
21-Aug-07	227.57
22-Aug-07	232.51
23-Aug-07	231.07
24-Aug-07	235.3
27-Aug-07	232.25
28-Aug-07	226.82
29-Aug-07	234.08
30-Aug-07	236.25
31-Aug-07	238.48
4-Sep-07	244.16
5-Sep-07	236.76
6-Sep-07	235.01
7-Sep-07	231.77
10-Sep-07	236.71
11-Sep-07	235.49
12-Sep-07	236.85
13-Sep-07	237.2
14-Sep-07	238.81
17-Sep-07	238.41
18-Sep-07	240.92
19-Sep-07	240.77
20-Sep-07	240.31
21-Sep-07	244.15
24-Sep-07	248.28
25-Sep-07	253.18
26-Sep-07	252.77
27-Sep-07	254.5
28-Sep-07	253.47
1-Oct-07	256.34
2-Oct-07	258.45
3-Oct-07	257.92
4-Oct-07	256.24
5-Oct-07	261.45
8-Oct-07	267.91
9-Oct-07	267.86
10-Oct-07	266.79
11-Oct-07	262.23
12-Oct-07	267.25
15-Oct-07	266.98
16-Oct-07	269.58
17-Oct-07	272.75
18-Oct-07	273.5
19-Oct-07	270.42
22-Oct-07	274.36
23-Oct-07	286.16
24-Oct-07	285.93
25-Oct-07	282.78
26-Oct-07	284.7
29-Oct-07	285.09
30-Oct-07	287
31-Oct-07	289.95
1-Nov-07	287.44
2-Nov-07	287.87
5-Nov-07	286.18
6-Nov-07	291.79
7-Nov-07	286.3
8-Nov-07	275.47
9-Nov-07	265.37
12-Nov-07	253.76
13-Nov-07	269.96
14-Nov-07	266.11
15-Nov-07	264.3
16-Nov-07	266.39
19-Nov-07	263.95
20-Nov-07	268.85
21-Nov-07	268.46
23-Nov-07	271.54
26-Nov-07	272.54
27-Nov-07	274.81
28-Nov-07	280.22
29-Nov-07	284.29
30-Nov-07	282.22
3-Dec-07	278.86
4-Dec-07	279.81
5-Dec-07	285.5
6-Dec-07	289.95
7-Dec-07	294.3
10-Dec-07	294.21
11-Dec-07	288.54
12-Dec-07	290.86
13-Dec-07	291.83
14-Dec-07	290.39
17-Dec-07	284.4
18-Dec-07	282.98
19-Dec-07	283.12
20-Dec-07	287.21
21-Dec-07	293.91
24-Dec-07	298.8
26-Dec-07	298.95
27-Dec-07	298.57
28-Dec-07	299.83
31-Dec-07	298.08
2-Jan-08	294.84
3-Jan-08	294.93
4-Jan-08	280.05
7-Jan-08	277.64
8-Jan-08	271.25
9-Jan-08	279.4
10-Jan-08	278.02
11-Jan-08	272.69
14-Jan-08	278.78
15-Jan-08	269.04
16-Jan-08	259.64
17-Jan-08	260.89
18-Jan-08	261.36
22-Jan-08	255.64
23-Jan-08	239.07
24-Jan-08	235.6
25-Jan-08	230.01
28-Jan-08	230.01
29-Jan-08	231.54
30-Jan-08	232.18
31-Jan-08	235.36
1-Feb-08	233.75
4-Feb-08	231.65
5-Feb-08	229.36
6-Feb-08	222
7-Feb-08	221.24
8-Feb-08	225.48
11-Feb-08	229.45
12-Feb-08	224.86
13-Feb-08	229.4
14-Feb-08	227.46
15-Feb-08	224.63
19-Feb-08	222.18
20-Feb-08	223.82
21-Feb-08	221.54
22-Feb-08	219.46
25-Feb-08	219.74
26-Feb-08	219.15
27-Feb-08	222.96
28-Feb-08	229.91
29-Feb-08	225.02
3-Mar-08	221.73
4-Mar-08	224.62
5-Mar-08	224.49
6-Mar-08	220.93
7-Mar-08	222.25
10-Mar-08	219.69
11-Mar-08	227.35
12-Mar-08	226.03
13-Mar-08	227.94
14-Mar-08	226.61
17-Mar-08	226.73
18-Mar-08	232.82
19-Mar-08	229.67
20-Mar-08	233.27
24-Mar-08	239.53
25-Mar-08	240.98
26-Mar-08	245.06
27-Mar-08	240.25
28-Mar-08	243.01
31-Mar-08	243.5
1-Apr-08	249.53
2-Apr-08	247.49
3-Apr-08	251.61
4-Apr-08	253.08
7-Apr-08	255.89
8-Apr-08	252.84
9-Apr-08	251.44
10-Apr-08	254.55
11-Apr-08	247.14
14-Apr-08	247.78
15-Apr-08	248.38
16-Apr-08	253.7
17-Apr-08	254.49
18-Apr-08	261.04
21-Apr-08	268.16
22-Apr-08	260.2
23-Apr-08	262.89
24-Apr-08	268.94
25-Apr-08	269.73
28-Apr-08	272.24
29-Apr-08	275.05
30-Apr-08	273.95
1-May-08	280
2-May-08	280.94
5-May-08	284.73
6-May-08	286.66
7-May-08	282.59
8-May-08	285.06
9-May-08	283.45
12-May-08	288.16
13-May-08	289.96
14-May-08	286.26
15-May-08	289.73
16-May-08	287.62
19-May-08	283.6
20-May-08	285.9
21-May-08	278.19
22-May-08	277.05
23-May-08	281.17
27-May-08	286.43
28-May-08	287.01
29-May-08	286.69
30-May-08	288.75
2-Jun-08	286.1
3-Jun-08	285.37
4-Jun-08	285.19
5-Jun-08	289.43
6-Jun-08	285.64
9-Jun-08	281.61
10-Jun-08	285.64
11-Jun-08	280.81
12-Jun-08	273.26
13-Jun-08	272.37
16-Jun-08	276.84
17-Jun-08	281.43
18-Jun-08	278.75
19-Jun-08	280.9
20-Jun-08	275.27
23-Jun-08	273.16
24-Jun-08	273.25
25-Jun-08	277.39
26-Jun-08	268.26
27-Jun-08	270.09
30-Jun-08	267.44
1-Jul-08	274.68
2-Jul-08	268.18
3-Jul-08	270.12
7-Jul-08	275.16
8-Jul-08	279.55
9-Jul-08	274.25
10-Jul-08	276.63
11-Jul-08	272.58
14-Jul-08	273.88
15-Jul-08	269.64
16-Jul-08	272.81
17-Jul-08	271.81
18-Jul-08	265.15
21-Jul-08	266.29
22-Jul-08	262.02
23-Jul-08	266.26
24-Jul-08	259.03
25-Jul-08	262.12
28-Jul-08	254.4
29-Jul-08	257.08
30-Jul-08	259.88
31-Jul-08	258.95
1-Aug-08	256.66
4-Aug-08	253.23
5-Aug-08	260.64
6-Aug-08	264.19
7-Aug-08	263.57
8-Aug-08	269.55
11-Aug-08	273.56
12-Aug-08	276.73
13-Aug-08	279.3
14-Aug-08	279.32
15-Aug-08	275.74
18-Aug-08	275.39
19-Aug-08	273.53
20-Aug-08	275.84
21-Aug-08	274.29
22-Aug-08	276.79
25-Aug-08	272.55
26-Aug-08	273.64
27-Aug-08	274.67
28-Aug-08	273.74
29-Aug-08	269.53
2-Sep-08	266.19
3-Sep-08	266.96
4-Sep-08	261.22
5-Sep-08	260.18
8-Sep-08	257.92
9-Sep-08	251.68
10-Sep-08	251.61
11-Sep-08	252.65
12-Sep-08	248.94
15-Sep-08	240.36
16-Sep-08	239.88
17-Sep-08	227.83
18-Sep-08	234.09
19-Sep-08	240.91
22-Sep-08	231.05
23-Sep-08	226.84
24-Sep-08	228.71
25-Sep-08	231.93
26-Sep-08	228.24
29-Sep-08	205.26
30-Sep-08	213.66
1-Oct-08	209.12
2-Oct-08	200.1
3-Oct-08	197.07
6-Oct-08	198.14
7-Oct-08	189.16
8-Oct-08	189.79
9-Oct-08	188.74
10-Oct-08	196.8
13-Oct-08	210.26
14-Oct-08	204.08
15-Oct-08	197.95
16-Oct-08	201.89
17-Oct-08	197.4
20-Oct-08	198.44
21-Oct-08	191.49
22-Oct-08	196.87
23-Oct-08	198.23
24-Oct-08	196.38
27-Oct-08	192.09
28-Oct-08	199.91
29-Oct-08	204.55
30-Oct-08	211.04
31-Oct-08	207.59
3-Nov-08	206.96
4-Nov-08	210.99
5-Nov-08	203.3
6-Nov-08	199.1
7-Nov-08	198.24
10-Nov-08	195.88
11-Nov-08	194.77
12-Nov-08	190.12
13-Nov-08	196.44
14-Nov-08	190.24
17-Nov-08	188.14
18-Nov-08	189.91
19-Nov-08	186.29
20-Nov-08	180.49
21-Nov-08	182.58
24-Nov-08	192.95
25-Nov-08	190.8
26-Nov-08	195
27-Nov-08	195
28-Nov-08	192.67
1-Dec-08	188.93
2-Dec-08	192.47
3-Dec-08	195.9
4-Dec-08	191.41
5-Dec-08	194
8-Dec-08	199.72
9-Dec-08	200.06
10-Dec-08	198.21
11-Dec-08	195
12-Dec-08	198.27
15-Dec-08	194.75
16-Dec-08	195.43
17-Dec-08	189.16
18-Dec-08	189.43
19-Dec-08	190
22-Dec-08	185.74
23-Dec-08	186.38
24-Dec-08	185.04
25-Dec-08	185.04
26-Dec-08	185.81
29-Dec-08	186.61
30-Dec-08	186.29
31-Dec-08	185.35
1-Jan-09	185.35
2-Jan-09	190.75
5-Jan-09	194.58
6-Jan-09	193.02
7-Jan-09	191.01
8-Jan-09	192.7
9-Jan-09	190.58
12-Jan-09	188.66
13-Jan-09	187.71
14-Jan-09	185.33
15-Jan-09	183.38
16-Jan-09	182.33
20-Jan-09	178.2
21-Jan-09	182.83
22-Jan-09	188.36
23-Jan-09	188.36
26-Jan-09	189.64
27-Jan-09	190.73
28-Jan-09	194.2
29-Jan-09	193
30-Jan-09	190.13
2-Feb-09	191.51
3-Feb-09	192.98
4-Feb-09	193.55
5-Feb-09	196.46
6-Feb-09	199.72
9-Feb-09	202.51
10-Feb-09	197.83
11-Feb-09	196.82
12-Feb-09	199.27
13-Feb-09	199.16
17-Feb-09	194.53
18-Feb-09	194.37
19-Feb-09	190.64
20-Feb-09	191.2
23-Feb-09	186.95
24-Feb-09	190.25
25-Feb-09	191.16
26-Feb-09	189.19
27-Feb-09	189.31
2-Mar-09	187.94
3-Mar-09	188.37
4-Mar-09	191.17
5-Mar-09	188.84
6-Mar-09	185.3
9-Mar-09	183.11
10-Mar-09	188.63
11-Mar-09	192.68
12-Mar-09	196.35
13-Mar-09	195.93
16-Mar-09	195.42
17-Mar-09	199.66
18-Mar-09	201.52
19-Mar-09	201.62
20-Mar-09	201.59
23-Mar-09	207.66
24-Mar-09	206.5
25-Mar-09	206.49
26-Mar-09	209.87
27-Mar-09	206.85
30-Mar-09	204.49
31-Mar-09	205.12
1-Apr-09	208.69
2-Apr-09	212.71
3-Apr-09	215.99
6-Apr-09	218.45
7-Apr-09	215
8-Apr-09	216.32
9-Apr-09	219.57
10-Apr-09	219.57
13-Apr-09	220.22
14-Apr-09	218.31
15-Apr-09	217.64
16-Apr-09	221.45
17-Apr-09	223.42
20-Apr-09	220.5
21-Apr-09	221.76
22-Apr-09	221.51
23-Apr-09	225.4
24-Apr-09	223.9
27-Apr-09	224.73
28-Apr-09	223.9
29-Apr-09	225.14
30-Apr-09	225.83
1-May-09	227.24
4-May-09	232.07
5-May-09	232.71
6-May-09	232.5
7-May-09	229.06
8-May-09	229.19
11-May-09	229.57
12-May-09	224.42
13-May-09	219.49
14-May-09	222.95
15-May-09	222.42
18-May-09	226.65
19-May-09	227.45
20-May-09	225.87
21-May-09	224.18
22-May-09	222.5
26-May-09	230.78
27-May-09	233.05
28-May-09	235.07
29-May-09	235.81
1-Jun-09	239.35
2-Jun-09	239.49
3-Jun-09	240.95
4-Jun-09	243.74
5-Jun-09	244.67
8-Jun-09	243.85
9-Jun-09	242.72
10-Jun-09	240.25
11-Jun-09	239.95
12-Jun-09	236.97
15-Jun-09	236.09
16-Jun-09	236.35
17-Jun-09	235.58
18-Jun-09	235.88
19-Jun-09	239.48
22-Jun-09	237.37
23-Jun-09	234.01
24-Jun-09	236.22
25-Jun-09	239.86
26-Jun-09	242.44
29-Jun-09	241.97
30-Jun-09	242.43
1-Jul-09	242.83
2-Jul-09	240.02
3-Jul-09	240.02
6-Jul-09	238.61
7-Jul-09	235.4
8-Jul-09	237.22
9-Jul-09	236.36
10-Jul-09	238.52
13-Jul-09	242.34
14-Jul-09	242.27
15-Jul-09	246.88
16-Jul-09	247.52
17-Jul-09	251.75
20-Jul-09	252.91
21-Jul-09	251.51
22-Jul-09	256.74
23-Jul-09	257.82
24-Jul-09	259.99
27-Jul-09	260.1
28-Jul-09	260
29-Jul-09	260.03
30-Jul-09	262.79
31-Jul-09	263.39
3-Aug-09	266.43
4-Aug-09	265.55
5-Aug-09	265.11
6-Aug-09	263.91
7-Aug-09	265.51
10-Aug-09	264.72
12-Aug-09	265.31
13-Aug-09	268.42
14-Aug-09	266.78
17-Aug-09	259.59
18-Aug-09	264
19-Aug-09	264.6
20-Aug-09	266.33
21-Aug-09	269.22
24-Aug-09	269.06
25-Aug-09	269.4
26-Aug-09	267.41
27-Aug-09	269.45
28-Aug-09	270.05
31-Aug-09	268.21
1-Sep-09	265.3
2-Sep-09	265.18
3-Sep-09	266.55
4-Sep-09	270.31
8-Sep-09	272.93
9-Sep-09	271.14
10-Sep-09	272.56
11-Sep-09	272.16
14-Sep-09	273.72
15-Sep-09	275.16
16-Sep-09	281.87
17-Sep-09	284.55
18-Sep-09	285.02
21-Sep-09	284.02
22-Sep-09	284.48
23-Sep-09	285.5
24-Sep-09	283.82
25-Sep-09	282.37
28-Sep-09	286.15
29-Sep-09	285.38
30-Sep-09	285.35
1-Oct-09	280.86
2-Oct-09	284.9
5-Oct-09	286.02
6-Oct-09	290.01
7-Oct-09	290.25
8-Oct-09	289.27
9-Oct-09	290.47
12-Oct-09	290.81
13-Oct-09	290.02
14-Oct-09	291.29
15-Oct-09	290.56
16-Oct-09	288.05
19-Oct-09	289.86
20-Oct-09	298.76
21-Oct-09	304.92
22-Oct-09	305.2
23-Oct-09	303.94
26-Oct-09	302.48
27-Oct-09	297.37
28-Oct-09	292.4
29-Oct-09	296.35
30-Oct-09	288.5
2-Nov-09	289.31
3-Nov-09	288.75
4-Nov-09	290.81
5-Nov-09	294.03
6-Nov-09	294.34
9-Nov-09	301.46
10-Nov-09	302.98
11-Nov-09	303.25
12-Nov-09	301.99
13-Nov-09	304.45
16-Nov-09	306.63
17-Nov-09	307
18-Nov-09	305.96
19-Nov-09	300.51
20-Nov-09	299.92
23-Nov-09	305.88
24-Nov-09	304.44
25-Nov-09	304.19
26-Nov-09	304.19
27-Nov-09	300.59
30-Nov-09	299.91
1-Dec-09	296.97
2-Dec-09	296.23
3-Dec-09	296.48
4-Dec-09	293.32
7-Dec-09	288.95
8-Dec-09	289.87
9-Dec-09	297.8
10-Dec-09	296.43
11-Dec-09	294.67
14-Dec-09	296.98
15-Dec-09	294.17
16-Dec-09	295.03
17-Dec-09	291.86
18-Dec-09	295.43
21-Dec-09	298.23
22-Dec-09	300.36
23-Dec-09	302.1
24-Dec-09	309.04
25-Dec-09	309.04
28-Dec-09	311.61
29-Dec-09	309.1
30-Dec-09	311.64
31-Dec-09	310.73
1-Jan-10	310.73
4-Jan-10	314.01
5-Jan-10	314.38
6-Jan-10	310.97
7-Jan-10	310.58
8-Jan-10	311.98
11-Jan-10	310.11
12-Jan-10	307.72
13-Jan-10	310.65
14-Jan-10	309.43
15-Jan-10	305.93
18-Jan-10	305.93
19-Jan-10	315.04
20-Jan-10	311.72
21-Jan-10	308.07
22-Jan-10	297.75
25-Jan-10	303.08
26-Jan-10	305.94
27-Jan-10	307.88
28-Jan-10	299.29
29-Jan-10	292.06
1-Feb-10	294.73
2-Feb-10	295.86
3-Feb-10	299.23
4-Feb-10	292.05
5-Feb-10	295.46
8-Feb-10	294.12
9-Feb-10	296.19
10-Feb-10	295.12
11-Feb-10	298.67
12-Feb-10	300.38
15-Feb-10	300.38
16-Feb-10	303.4
17-Feb-10	302.55
18-Feb-10	302.93
19-Feb-10	301.67
22-Feb-10	300.42
23-Feb-10	297.06
24-Feb-10	300.66
25-Feb-10	302
26-Feb-10	304.62
1-Mar-10	308.99
2-Mar-10	308.85
3-Mar-10	309.33
4-Mar-10	310.71
5-Mar-10	318.95
8-Mar-10	319.08
9-Mar-10	323.02
10-Mar-10	324.84
11-Mar-10	325.5
12-Mar-10	326.6
15-Mar-10	323.84
16-Mar-10	324.45
17-Mar-10	324.12
18-Mar-10	324.65
19-Mar-10	322.25
22-Mar-10	324.75
23-Mar-10	328.36
24-Mar-10	329.37
25-Mar-10	326.65
26-Mar-10	330.9
29-Mar-10	332.39
30-Mar-10	335.84
31-Mar-10	335
1-Apr-10	335.97
2-Apr-10	335.97
5-Apr-10	338.49
6-Apr-10	339.54
7-Apr-10	340.6
8-Apr-10	339.95
9-Apr-10	341.79
12-Apr-10	342.29
13-Apr-10	342.43
14-Apr-10	345.69
15-Apr-10	348.92
16-Apr-10	347.4
19-Apr-10	347.07
20-Apr-10	344.59
21-Apr-10	359.22
22-Apr-10	366.47
23-Apr-10	370.83
26-Apr-10	369.5
27-Apr-10	362.04
28-Apr-10	361.6
29-Apr-10	368.64
30-Apr-10	361.09
3-May-10	366.35
4-May-10	358.68
5-May-10	355.98
6-May-10	346.25
7-May-10	335.86
10-May-10	353.99
11-May-10	356.52
12-May-10	362.09
13-May-10	358.36
14-May-10	353.82
17-May-10	354.22
18-May-10	352.36
19-May-10	348.34
20-May-10	337.76
21-May-10	342.32
24-May-10	346.76
25-May-10	345.22
26-May-10	344.11
27-May-10	353.35
28-May-10	356.88
31-May-10	356.88
1-Jun-10	360.83
2-Jun-10	363.95
3-Jun-10	363.12
4-Jun-10	355.96
7-Jun-10	350.94
8-Jun-10	349.33
9-Jun-10	343.2
10-Jun-10	350.51
11-Jun-10	353.51
14-Jun-10	354.28
15-Jun-10	359.69
16-Jun-10	367.25
17-Jun-10	371.87
18-Jun-10	374.07
21-Jun-10	370.17
22-Jun-10	373.85
23-Jun-10	370.97
24-Jun-10	369
25-Jun-10	366.7
28-Jun-10	368.3
29-Jun-10	356.17
30-Jun-10	351.53
1-Jul-10	348.48
2-Jul-10	346.94
5-Jul-10	346.94
6-Jul-10	348.63
7-Jul-10	358.66
8-Jul-10	358.09
9-Jul-10	359.62
12-Jul-10	357.28
13-Jul-10	351.8
14-Jul-10	352.73
15-Jul-10	351.45
16-Jul-10	349.9
19-Jul-10	345.58
20-Jul-10	351.89
21-Jul-10	354.24
22-Jul-10	359.02
23-Jul-10	359.94
26-Jul-10	359.28
27-Jul-10	364.08
28-Jul-10	360.96
29-Jul-10	358.11
30-Jul-10	357.25
2-Aug-10	361.85
3-Aug-10	361.93
4-Aug-10	362.98
5-Aug-10	361.7
6-Aug-10	360.09
9-Aug-10	361.75
10-Aug-10	359.41
11-Aug-10	350.19
12-Aug-10	351.79
13-Aug-10	349.1
16-Aug-10	347.64
17-Aug-10	351.97
18-Aug-10	353.07
19-Aug-10	349.88
20-Aug-10	349.64
23-Aug-10	345.8
24-Aug-10	339.93
25-Aug-10	342.89
26-Aug-10	340.28
27-Aug-10	341.62
30-Aug-10	342.5
31-Aug-10	343.1
1-Sep-10	350.33
2-Sep-10	352.17
3-Sep-10	358.77
6-Sep-10	358.77
7-Sep-10	357.81
8-Sep-10	362.92
9-Sep-10	363.07
10-Sep-10	363.41
13-Sep-10	367.04
14-Sep-10	368.06
15-Sep-10	370.22
16-Sep-10	376.57
17-Sep-10	375.37
20-Sep-10	383.23
21-Sep-10	383.77
22-Sep-10	387.75
23-Sep-10	388.92
24-Sep-10	392.32
27-Sep-10	391.16
28-Sep-10	386.86
29-Sep-10	387.37
30-Sep-10	383.75
1-Oct-10	382.52
4-Oct-10	378.64
5-Oct-10	388.94
6-Oct-10	389.19
7-Oct-10	389.22
8-Oct-10	394.07
11-Oct-10	395.36
12-Oct-10	398.54
13-Oct-10	400.14
14-Oct-10	402.31
15-Oct-10	414.74
18-Oct-10	418
19-Oct-10	409.49
20-Oct-10	410.53
21-Oct-10	409.52
22-Oct-10	407.47
25-Oct-10	408.84
26-Oct-10	408.05
27-Oct-10	407.83
28-Oct-10	405.24
29-Oct-10	400.98
1-Nov-10	404.18
2-Nov-10	409.36
3-Nov-10	412.8
4-Nov-10	418.27
5-Nov-10	417.13
8-Nov-10	418.62
9-Nov-10	416.08
10-Nov-10	418.03
11-Nov-10	416.66
12-Nov-10	408.03
15-Nov-10	407.04
16-Nov-10	401.59
17-Nov-10	400.5
18-Nov-10	408.43
19-Nov-10	406.73
22-Nov-10	413.36
23-Nov-10	408.73
24-Nov-10	414.8
26-Nov-10	415
29-Nov-10	416.87
30-Nov-10	411.15
1-Dec-10	416.4
2-Dec-10	418.15
3-Dec-10	417.44
6-Dec-10	420.15
7-Dec-10	418.21
8-Dec-10	421.01
9-Dec-10	419.76
10-Dec-10	420.56
13-Dec-10	421.67
14-Dec-10	420.29
15-Dec-10	420.36
16-Dec-10	421.25
17-Dec-10	420.61
20-Dec-10	422.21
21-Dec-10	424.2
22-Dec-10	425.16
23-Dec-10	423.6
27-Dec-10	424.68
28-Dec-10	425.47
29-Dec-10	425.29
30-Dec-10	423.66
31-Dec-10	422.56
3-Jan-11	429.57
4-Jan-11	431.29
5-Jan-11	434
6-Jan-11	433.73
7-Jan-11	436.12
10-Jan-11	442.46
11-Jan-11	441.64
12-Jan-11	444.42
13-Jan-11	445.68
14-Jan-11	448.48
18-Jan-11	440.65
19-Jan-11	438.84
20-Jan-11	432.68
21-Jan-11	426.72
24-Jan-11	437.45
25-Jan-11	441.4
26-Jan-11	443.85
27-Jan-11	443.21
28-Jan-11	436.1
31-Jan-11	439.32
1-Feb-11	445.03
2-Feb-11	444.32
3-Feb-11	443.44
4-Feb-11	446.5
7-Feb-11	451.88
8-Feb-11	455.2
9-Feb-11	458.16
10-Feb-11	454.54
11-Feb-11	456.85
14-Feb-11	459.18
15-Feb-11	459.9
16-Feb-11	463.13
17-Feb-11	458.3
18-Feb-11	450.56
22-Feb-11	438.61
23-Feb-11	442.62
24-Feb-11	442.88
25-Feb-11	448.16
28-Feb-11	453.21
1-Mar-11	449.31
2-Mar-11	452.12
3-Mar-11	459.56
4-Mar-11	460
7-Mar-11	455.36
8-Mar-11	455.76
9-Mar-11	452.47
10-Mar-11	446.67
11-Mar-11	451.99
14-Mar-11	453.56
15-Mar-11	445.43
16-Mar-11	430.01
17-Mar-11	434.64
18-Mar-11	430.67
21-Mar-11	439.3
22-Mar-11	441.2
23-Mar-11	439.19
24-Mar-11	444.97
25-Mar-11	451.54
28-Mar-11	450.44
29-Mar-11	450.96
30-Mar-11	448.63
31-Mar-11	448.51
1-Apr-11	444.56
4-Apr-11	441.19
5-Apr-11	438.89
6-Apr-11	438.04
7-Apr-11	438.08
8-Apr-11	435.06
11-Apr-11	430.8
12-Apr-11	432.4
13-Apr-11	436.13
14-Apr-11	432.42
15-Apr-11	427.46
18-Apr-11	431.85
19-Apr-11	437.86
20-Apr-11	442.41
21-Apr-11	450.7
25-Apr-11	453.01
26-Apr-11	450.42
27-Apr-11	450.15
28-Apr-11	446.75
29-Apr-11	450.13
2-May-11	446.28
3-May-11	448.2
4-May-11	449.57
5-May-11	446.75
6-May-11	446.66
9-May-11	447.6
10-May-11	449.45
11-May-11	447.23
12-May-11	446.57
13-May-11	440.5
16-May-11	433.3
17-May-11	436.14
18-May-11	439.87
19-May-11	440.53
20-May-11	435.22
23-May-11	434.4
24-May-11	432.19
25-May-11	436.78
26-May-11	435
27-May-11	437.41
31-May-11	447.83
1-Jun-11	445.51
2-Jun-11	446.1
3-Jun-11	443.44
6-Jun-11	438.04
7-Jun-11	432.04
8-Jun-11	432.24
9-Jun-11	431.49
10-Jun-11	425.9
13-Jun-11	426.6
14-Jun-11	432.44
15-Jun-11	426.75
16-Jun-11	425.16
17-Jun-11	420.26
20-Jun-11	415.32
21-Jun-11	425.3
22-Jun-11	422.61
23-Jun-11	431.23
24-Jun-11	426.35
27-Jun-11	432.04
28-Jun-11	435.26
29-Jun-11	434.04
30-Jun-11	435.67
1-Jul-11	443.26
5-Jul-11	449.43
6-Jul-11	451.76
7-Jul-11	457.2
8-Jul-11	459.71
11-Jul-11	454
12-Jul-11	453.75
13-Jul-11	458.02
14-Jul-11	457.77
15-Jul-11	464.92
18-Jul-11	473.8
19-Jul-11	476.85
20-Jul-11	486.9
21-Jul-11	487.29
22-Jul-11	493.3
25-Jul-11	498.5
26-Jul-11	503.41
27-Jul-11	492.59
28-Jul-11	491.82
29-Jul-11	490.48
1-Aug-11	496.75
2-Aug-11	488.91
3-Aug-11	492.57
4-Aug-11	477.37
5-Aug-11	473.62
8-Aug-11	453.21
9-Aug-11	474.01
10-Aug-11	463.69
11-Aug-11	473.7
12-Aug-11	476.99
15-Aug-11	483.41
16-Aug-11	480.48
17-Aug-11	480.44
18-Aug-11	466.05
19-Aug-11	456.03
22-Aug-11	456.44
23-Aug-11	473.6
24-Aug-11	476.18
25-Aug-11	473.72
26-Aug-11	483.58
29-Aug-11	489.97
30-Aug-11	489.99
31-Aug-11	484.83
1-Sep-11	481.03
2-Sep-11	474.05
6-Sep-11	479.74
7-Sep-11	483.93
8-Sep-11	484.14
9-Sep-11	477.48
12-Sep-11	479.94
13-Sep-11	484.62
14-Sep-11	489.3
15-Sep-11	492.96
16-Sep-11	500.5
19-Sep-11	511.63
20-Sep-11	513.45
21-Sep-11	512.14
22-Sep-11	501.82
23-Sep-11	504.3
26-Sep-11	503.17
27-Sep-11	499.26
28-Sep-11	497.01
29-Sep-11	490.57
30-Sep-11	481.32
3-Oct-11	474.6
4-Oct-11	472.5
5-Oct-11	478.25
6-Oct-11	477.37
7-Oct-11	469.8
10-Oct-11	488.81
11-Oct-11	500.29
12-Oct-11	502.19
13-Oct-11	508.43
14-Oct-11	522
17-Oct-11	519.99
18-Oct-11	522.24
19-Oct-11	498.62
20-Oct-11	495.31
21-Oct-11	492.87
24-Oct-11	505.77
25-Oct-11	497.77
26-Oct-11	500.6
27-Oct-11	504.69
28-Oct-11	504.95
31-Oct-11	504.78
1-Nov-11	496.51
2-Nov-11	497.41
3-Nov-11	503.07
4-Nov-11	500.24
7-Nov-11	499.73
8-Nov-11	506.23
9-Nov-11	495.28
10-Nov-11	485.22
11-Nov-11	484.62
14-Nov-11	479.26
15-Nov-11	488.83
16-Nov-11	484.77
17-Nov-11	477.41
18-Nov-11	474.94
21-Nov-11	469.01
22-Nov-11	476.51
23-Nov-11	466.99
25-Nov-11	463.57
28-Nov-11	476.12
29-Nov-11	473.2
30-Nov-11	482.2
1-Dec-11	487.93
2-Dec-11	489.7
5-Dec-11	493.01
6-Dec-11	490.95
7-Dec-11	489.09
8-Dec-11	490.66
9-Dec-11	493.62
12-Dec-11	491.84
13-Dec-11	488.81
14-Dec-11	480.19
15-Dec-11	478.94
16-Dec-11	481.02
19-Dec-11	482.21
20-Dec-11	495.95
21-Dec-11	496.44
22-Dec-11	498.55
23-Dec-11	503.43
27-Dec-11	506.53
28-Dec-11	502.64
29-Dec-11	505.12
30-Dec-11	505
3-Jan-12	511.23
4-Jan-12	513.44
5-Jan-12	518.03
6-Jan-12	522.4
9-Jan-12	521.73
10-Jan-12	523.24
11-Jan-12	522.55
12-Jan-12	521.39
13-Jan-12	519.81
17-Jan-12	524.7
18-Jan-12	529.11
19-Jan-12	527.75
20-Jan-12	520.3
23-Jan-12	527.41
24-Jan-12	520.41
25-Jan-12	546.66
26-Jan-12	544.63
27-Jan-12	547.28
30-Jan-12	553.01
31-Jan-12	556.48
1-Feb-12	556.19
2-Feb-12	555.12
3-Feb-12	559.68
6-Feb-12	563.97
7-Feb-12	568.83
8-Feb-12	576.68
9-Feb-12	593.17
10-Feb-12	593.42
13-Feb-12	602.6
14-Feb-12	609.46
15-Feb-12	597.67
16-Feb-12	602.21
17-Feb-12	602.12
21-Feb-12	614.85
22-Feb-12	613.04
23-Feb-12	616.39
24-Feb-12	622.41
27-Feb-12	625.76
28-Feb-12	635.41
29-Feb-12	642.44
1-Mar-12	644.47
2-Mar-12	645.18
5-Mar-12	633.16
6-Mar-12	630.26
7-Mar-12	630.69
8-Mar-12	641.99
9-Mar-12	645.17
12-Mar-12	652
13-Mar-12	668.1
14-Mar-12	689.58
15-Mar-12	685.56
16-Mar-12	685.57
19-Mar-12	701.1
20-Mar-12	705.96
21-Mar-12	702.5
22-Mar-12	699.34
23-Mar-12	696.05
26-Mar-12	706.98
27-Mar-12	714.48
28-Mar-12	717.62
29-Mar-12	709.86
30-Mar-12	699.55
2-Apr-12	718.63
3-Apr-12	729.32
4-Apr-12	724.31
5-Apr-12	733.68
9-Apr-12	736.23
10-Apr-12	728.44
11-Apr-12	726.2
12-Apr-12	722.77
13-Apr-12	705.23
16-Apr-12	680.13
17-Apr-12	709.7
18-Apr-12	708.34
19-Apr-12	687.44
20-Apr-12	672.98
23-Apr-12	671.7
24-Apr-12	660.28
25-Apr-12	710
26-Apr-12	707.7
27-Apr-12	703
30-Apr-12	683.98
1-May-12	682.13
